[
 {
  "address_line1": "254 Theotokopoulou Str.",
  "address_type": "Office",
  "city": "Larnaka",
  "country": "Cyprus",
  "links": [{"link_doctype": "Customer", "link_name": "Adaptas"}],
  "phone": "23566775757"
 },
 {
  "address_line1": "R Patr\u00e3o Caramelho 116",
  "address_type": "Office",
  "city": "Fajozes",
  "country": "Portugal",
  "links": [{"link_doctype": "Customer", "link_name": "Asian Fusion"}],
  "phone": "23566775757"
 },
 {
  "address_line1": "30 Fulford Road",
  "address_type": "Office",
  "city": "PENTRE-PIOD",
  "country": "United Kingdom",
  "links": [{"link_doctype": "Customer", "link_name": "Asian Junction"}],
  "phone": "23566775757"
 },
 {
  "address_line1": "Schoenebergerstrasse 13",
  "address_type": "Office",
  "city": "Raschau",
  "country": "Germany",
  "links": [{"link_doctype": "Customer", "link_name": "Big D Supermarkets"}],
  "phone": "23566775757"
 },
 {
  "address_line1": "Hoheluftchaussee 43",
  "address_type": "Office",
  "city": "Kieritzsch",
  "country": "Germany",
  "links": [{"link_doctype": "Customer", "link_name": "Buttrey Food & Drug"}],
  "phone": "23566775757"
 },
 {
  "address_line1": "R Cimo Vila 6",
  "address_type": "Office",
  "city": "Rebordosa",
  "country": "Portugal",
  "links": [{"link_doctype": "Customer", "link_name": "Chi-Chis"}],
  "phone": "23566775757"
 },
 {
  "address_line1": "R 5 Outubro 9",
  "address_type": "Office",
  "city": "Quinta Nova S\u00e3o Domingos",
  "country": "Portugal",
  "links": [{"link_doctype": "Customer", "link_name": "Choices"}],
  "phone": "23566775757"
 },
 {
  "address_line1": "Avenida Macambira 953",
  "address_type": "Office",
  "city": "Goi\u00e2nia",
  "country": "Brazil",
  "links": [{"link_doctype": "Customer", "link_name": "Consumers and Consumers Express"}],
  "phone": "23566775757"
 },
 {
  "address_line1": "2342 Goyeau Ave",
  "address_type": "Office",
  "city": "Windsor",
  "country": "Canada",
  "links": [{"link_doctype": "Customer", "link_name": "Crafts Canada"}],
  "phone": "23566775757"
 },
 {
  "address_line1": "Laukaantie 82",
  "address_type": "Office",
  "city": "KOKKOLA",
  "country": "Finland",
  "links": [{"link_doctype": "Customer", "link_name": "Endicott Shoes"}],
  "phone": "23566775757"
 },
 {
  "address_line1": "9 Brown Street",
  "address_type": "Office",
  "city": "PETERSHAM",
  "country": "Australia",
  "links": [{"link_doctype": "Customer", "link_name": "Fayva"}],
  "phone": "23566775757"
 },
 {
  "address_line1": "Via Donnalbina 41",
  "address_type": "Office",
  "city": "Cala Gonone",
  "country": "Italy",
  "links": [{"link_doctype": "Customer", "link_name": "Intelacard"}],
  "phone": "23566775757"
 },
 {
  "address_line1": "Liljerum Grenadj\u00e4rtorpet 69",
  "address_type": "Office",
  "city": "TOMTEBODA",
  "country": "Sweden",
  "links": [{"link_doctype": "Customer", "link_name": "Landskip Yard Care"}],
  "phone": "23566775757"
 },
 {
  "address_line1": "72 Bishopgate Street",
  "address_type": "Office",
  "city": "SEAHAM",
  "country": "United Kingdom",
  "links": [{"link_doctype": "Customer", "link_name": "Life Plan Counselling"}],
  "phone": "23566775757"
 },
 {
  "address_line1": "\u03a3\u03ba\u03b1\u03c6\u03af\u03b4\u03b9\u03b1 105",
  "address_type": "Office",
  "city": "\u03a0\u0391\u03a1\u0395\u039a\u039a\u039b\u0397\u03a3\u0399\u0391",
  "country": "Cyprus",
  "links": [{"link_doctype": "Customer", "link_name": "Mr Fables"}],
  "phone": "23566775757"
 },
 {
  "address_line1": "Mellemvej 7",
  "address_type": "Office",
  "city": "Aabybro",
  "country": "Denmark",
  "links": [{"link_doctype": "Customer", "link_name": "Nelson Brothers"}],
  "phone": "23566775757"
 },
 {
  "address_line1": "Plougg\u00e5rdsvej 98",
  "address_type": "Office",
  "city": "Karby",
  "country": "Denmark",
  "links": [{"link_doctype": "Customer", "link_name": "Netobill"}],
  "phone": "23566775757"
 },
 {
  "address_line1": "176 Michalakopoulou Street",
  "address_type": "Office",
  "city": "Agio Georgoudi",
  "country": "Cyprus",
  "phone": "23566775757",
  "links": [{"link_doctype": "Supplier", "link_name": "Helios Air"}]
 },
 {
  "address_line1": "Fibichova 1102",
  "address_type": "Office",
  "city": "Kokor\u00edn",
  "country": "Czech Republic",
  "phone": "23566775757",
  "links": [{"link_doctype": "Supplier", "link_name": "Ks Merchandise"}]
 },
 {
  "address_line1": "Zahradn\u00ed 888",
  "address_type": "Office",
  "city": "Cecht\u00edn",
  "country": "Czech Republic",
  "phone": "23566775757",
  "links": [{"link_doctype": "Supplier", "link_name": "HomeBase"}]
 },
 {
  "address_line1": "ul. Grochowska 94",
  "address_type": "Office",
  "city": "Warszawa",
  "country": "Poland",
  "phone": "23566775757",
  "links": [{"link_doctype": "Supplier", "link_name": "Scott Ties"}]
 },
 {
  "address_line1": "Norra Esplanaden 87",
  "address_type": "Office",
  "city": "HELSINKI",
  "country": "Finland",
  "phone": "23566775757",
  "links": [{"link_doctype": "Supplier", "link_name": "Reliable Investments"}]
 },
 {
  "address_line1": "2038 Fallon Drive",
  "address_type": "Office",
  "city": "Dresden",
  "country": "Canada",
  "phone": "23566775757",
  "links": [{"link_doctype": "Supplier", "link_name": "Nan Duskin"}]
 },
 {
  "address_line1": "77 cours Franklin Roosevelt",
  "address_type": "Office",
  "city": "MARSEILLE",
  "country": "France",
  "phone": "23566775757",
  "links": [{"link_doctype": "Supplier", "link_name": "Rainbow Records"}]
 },
 {
  "address_line1": "ul. Tuwima Juliana 85",
  "address_type": "Office",
  "city": "\u0141\u00f3d\u017a",
  "country": "Poland",
  "phone": "23566775757",
  "links": [{"link_doctype": "Supplier", "link_name": "New World Realty"}]
 },
 {
  "address_line1": "Gl. Sygehusvej 41",
  "address_type": "Office",
  "city": "Narsaq",
  "country": "Greenland",
  "phone": "23566775757",
  "links": [{"link_doctype": "Supplier", "link_name": "Asiatic Solutions"}]
 },
 {
  "address_line1": "Gosposka ulica 50",
  "address_type": "Office",
  "city": "Nova Gorica",
  "country": "Slovenia",
  "phone": "23566775757",
  "links": [{"link_doctype": "Supplier", "link_name": "Eagle Hardware"}]
 }
]