[
	{
		"asset_name": "Macbook Pro - 1",
		"item_code": "Computer",
		"gross_purchase_amount": 100000,
		"asset_owner": "Company",
		"available_for_use_date": "2017-01-02"
	},
	{
		"asset_name": "Macbook Air - 1",
		"item_code": "Computer",
		"gross_purchase_amount": 60000,
		"asset_owner": "Company",
		"available_for_use_date": "2017-10-02"
	},
	{
		"asset_name": "Conferrence Table",
		"item_code": "Table",
		"gross_purchase_amount": 30000,
		"asset_owner": "Company",
		"available_for_use_date": "2018-10-02"
	},
	{
		"asset_name": "Lunch Table",
		"item_code": "Table",
		"gross_purchase_amount": 20000,
		"asset_owner": "Company",
		"available_for_use_date": "2018-06-02"
	},
	{
		"asset_name": "ERPNext",
		"item_code": "ERP",
		"gross_purchase_amount": 100000,
		"asset_owner": "Company",
		"available_for_use_date": "2018-09-02"
	},
	{
		"asset_name": "Chair 1",
		"item_code": "Chair",
		"gross_purchase_amount": 10000,
		"asset_owner": "Company",
		"available_for_use_date": "2018-07-02"
	},
	{
		"asset_name": "Chair 2",
		"item_code": "Chair",
		"gross_purchase_amount": 10000,
		"asset_owner": "Company",
		"available_for_use_date": "2018-07-02"
	}
]
