[
 {
  "email_id": "JanVaclavik@example.com",
  "first_name": "January",
  "last_name": "V\u00e1clav\u00edk",
  "links": [{"link_doctype": "Customer", "link_name": "Adaptas"}]
 },
 {
  "email_id": "ChidumagaTobeolisa@example.com",
  "first_name": "Chidumaga",
  "last_name": "Tobeolisa",
  "links": [{"link_doctype": "Customer", "link_name": "Asian Fusion"}]
 },
 {
  "email_id": "JanaKubanova@example.com",
  "first_name": "Jana",
  "last_name": "Kub\u00e1\u0148ov\u00e1",
  "links": [{"link_doctype": "Customer", "link_name": "Asian Junction"}]
 },
 {
  "email_id": "XuChaoXuan@example.com",
  "first_name": "\u7d39\u8431",
  "last_name": "\u4e8e",
  "links": [{"link_doctype": "Customer", "link_name": "Big D Supermarkets"}]
 },
 {
  "email_id": "OzlemVerwijmeren@example.com",
  "first_name": "\u00d6zlem",
  "last_name": "Verwijmeren",
  "links": [{"link_doctype": "Customer", "link_name": "Buttrey Food & Drug"}]
 },
 {
  "email_id": "HansRasmussen@example.com",
  "first_name": "Hans",
  "last_name": "Rasmussen",
  "links": [{"link_doctype": "Customer", "link_name": "Chi-Chis"}]
 },
 {
  "email_id": "SatomiShigeki@example.com",
  "first_name": "Satomi",
  "last_name": "Shigeki",
  "links": [{"link_doctype": "Customer", "link_name": "Choices"}]
 },
 {
  "email_id": "SimonVJessen@example.com",
  "first_name": "Simon",
  "last_name": "Jessen",
  "links": [{"link_doctype": "Customer", "link_name": "Consumers and Consumers Express"}]
 },
 {
  "email_id": "NeguaranShahsaah@example.com",
  "first_name": "\u0646\u06af\u0627\u0631\u06cc\u0646",
  "last_name": "\u0634\u0627\u0647 \u0633\u06cc\u0627\u0647",
  "links": [{"link_doctype": "Customer", "link_name": "Crafts Canada"}]
 },
 {
  "email_id": "Lom-AliBataev@example.com",
  "first_name": "Lom-Ali",
  "last_name": "Bataev",
  "links": [{"link_doctype": "Customer", "link_name": "Endicott Shoes"}]
 },
 {
  "email_id": "VanNgocTien@example.com",
  "first_name": "Ti\u00ean",
  "last_name": "V\u0103n",
  "links": [{"link_doctype": "Customer", "link_name": "Fayva"}]
 },
 {
  "email_id": "QuimeyOsorioRuelas@example.com",
  "first_name": "Quimey",
  "last_name": "Osorio",
  "links": [{"link_doctype": "Customer", "link_name": "Intelacard"}]
 },
 {
  "email_id": "EdgardaSalcedoRaya@example.com",
  "first_name": "Edgarda",
  "last_name": "Salcedo",
  "links": [{"link_doctype": "Customer", "link_name": "Landskip Yard Care"}]
 },
 {
  "email_id": "HafsteinnBjarnarsonar@example.com",
  "first_name": "Hafsteinn",
  "last_name": "Bjarnarsonar",
  "links": [{"link_doctype": "Customer", "link_name": "Life Plan Counselling"}]
 },
 {
  "email_id": "\u0434\u0430\u043d\u0438\u0438\u043b@example.com",
  "first_name": "\u0414\u0430\u043d\u0438\u0438\u043b",
  "last_name": "\u041a\u043e\u043d\u043e\u0432\u0430\u043b\u043e\u0432",
  "links": [{"link_doctype": "Customer", "link_name": "Mr Fables"}]
 },
 {
  "email_id": "SelmaMAndersen@example.com",
  "first_name": "Selma",
  "last_name": "Andersen",
  "links": [{"link_doctype": "Customer", "link_name": "Nelson Brothers"}]
 },
 {
  "email_id": "LadislavKolaja@example.com",
  "first_name": "Ladislav",
  "last_name": "Kolaja",
  "links": [{"link_doctype": "Customer", "link_name": "Netobill"}]
 },
 {
  "links": [{"link_doctype": "Supplier", "link_name": "Helios Air"}],
  "email_id": "TewoldeAbaalom@example.com",
  "first_name": "Tewolde",
  "last_name": "Abaalom"
 },
 {
  "links": [{"link_doctype": "Supplier", "link_name": "Ks Merchandise"}],
  "email_id": "LeilaFernandesRodrigues@example.com",
  "first_name": "Leila",
  "last_name": "Rodrigues"
 },
 {
  "links": [{"link_doctype": "Supplier", "link_name": "HomeBase"}],
  "email_id": "DmitryBulgakov@example.com",
  "first_name": "Dmitry",
  "last_name": "Bulgakov"
 },
 {
  "links": [{"link_doctype": "Supplier", "link_name": "Scott Ties"}],
  "email_id": "HaiducWhitfoot@example.com",
  "first_name": "Haiduc",
  "last_name": "Whitfoot"
 },
 {
  "links": [{"link_doctype": "Supplier", "link_name": "Reliable Investments"}],
  "email_id": "SesseljaPetursdottir@example.com",
  "first_name": "Sesselja",
  "last_name": "P\u00e9tursd\u00f3ttir"
 },
 {
  "links": [{"link_doctype": "Supplier", "link_name": "Nan Duskin"}],
  "email_id": "HajdarPignar@example.com",
  "first_name": "Hajdar",
  "last_name": "Pignar"
 },
 {
  "links": [{"link_doctype": "Supplier", "link_name": "Rainbow Records"}],
  "email_id": "GustavaLorenzo@example.com",
  "first_name": "Gustava",
  "last_name": "Lorenzo"
 },
 {
  "links": [{"link_doctype": "Supplier", "link_name": "New World Realty"}],
  "email_id": "BethanyWood@example.com",
  "first_name": "Bethany",
  "last_name": "Wood"
 },
 {
  "links": [{"link_doctype": "Supplier", "link_name": "Asiatic Solutions"}],
  "email_id": "GlorianaBrownlock@example.com",
  "first_name": "Gloriana",
  "last_name": "Brownlock"
 },
 {
  "links": [{"link_doctype": "Supplier", "link_name": "Eagle Hardware"}],
  "email_id": "JensonFraser@gustr.com",
  "first_name": "Jenson",
  "last_name": "Fraser"
 }
]