[
	{
		"item_defaults": [
			{
				"default_supplier": "Asiatic Solutions",
				"default_warehouse": "Stores"
			}
		],
		"description": "For Upper Bearing",
		"image": "/assets/erpnext_demo/images/disc.png",
		"item_code": "Disc Collars",
		"item_group": "Raw Material",
		"item_name": "Disc Collars"
	},
	{
		"item_defaults": [
			{
				"default_supplier": "Nan Duskin",
				"default_warehouse": "Stores"
			}
		],
		"description": "CAST IRON, MCMASTER PART NO. 3710T13",
		"image": "/assets/erpnext_demo/images/bearing.jpg",
		"item_code": "Bearing Block",
		"item_group": "Raw Material",
		"item_name": "Bearing Block"
	},
	{
		"item_defaults": [
			{
				"default_supplier": null,
				"default_warehouse": "Finished Goods"
			}
		],
		"description": "Wind Mill C Series for Commercial Use 18ft",
		"image": "/assets/erpnext_demo/images/wind-turbine-2.png",
		"item_code": "Wind MIll C Series",
		"item_group": "Products",
		"item_name": "Wind MIll C Series"
	},
	{
		"item_defaults": [
			{
				"default_supplier": null,
				"default_warehouse": "Finished Goods"
			}
		],
		"description": "Wind Mill A Series for Home Use 9ft",
		"image": "/assets/erpnext_demo/images/wind-turbine.png",
		"item_code": "Wind Mill A Series",
		"item_group": "Products",
		"item_name": "Wind Mill A Series"
	},
	{
		"item_defaults": [
			{
				"default_supplier": null,
				"default_warehouse": "Finished Goods"
			}
		],
		"description": "Small Wind Turbine for Home Use\n\n\n<!-- html -->",
		"image": "/assets/erpnext_demo/images/wind-turbine-1.jpg",
		"item_code": "Wind Turbine",
		"item_group": "Products",
		"item_name": "Wind Turbine",
		"has_variants": 1,
		"has_serial_no": 1,
		"attributes": [
			{
				"attribute": "Size"
			}
		]
	},
	{
		"item_defaults": [
			{
				"default_supplier": "HomeBase",
				"default_warehouse": "Stores"
			}
		],
		"description": "1.5 in. Diameter x 36 in. Mild Steel Tubing",
		"image": null,
		"item_code": "Bearing Pipe",
		"item_group": "Raw Material",
		"item_name": "Bearing Pipe"
	},
	{
		"item_defaults": [
			{
				"default_supplier": "New World Realty",
				"default_warehouse": "Stores"
			}
		],
		"description": "1/32 in. x 24 in. x 47 in. HDPE Opaque Sheet",
		"image": null,
		"item_code": "Wing Sheet",
		"item_group": "Raw Material",
		"item_name": "Wing Sheet"
	},
	{
		"item_defaults": [
			{
				"default_supplier": "Eagle Hardware",
				"default_warehouse": "Stores"
			}
		],
		"description": "3/16 in. x 6 in. x 6 in. Low Carbon Steel Plate",
		"image": null,
		"item_code": "Upper Bearing Plate",
		"item_group": "Raw Material",
		"item_name": "Upper Bearing Plate"
	},
	{
		"item_defaults": [
			{
				"default_supplier": "Asiatic Solutions",
				"default_warehouse": "Stores"
			}
		],
		"description": "Bearing Assembly",
		"image": null,
		"item_code": "Bearing Assembly",
		"item_group": "Sub Assemblies",
		"item_name": "Bearing Assembly"
	},
	{
		"item_defaults": [
			{
				"default_supplier": "HomeBase",
				"default_warehouse": "Stores"
			}
		],
		"description": "3/4 in. x 2 ft. x 4 ft. Pine Plywood",
		"image": null,
		"item_code": "Base Plate",
		"item_group": "Raw Material",
		"item_name": "Base Plate",
		"is_sub_contracted_item": 1
	},
	{
		"item_defaults": [
			{
				"default_supplier": "Scott Ties",
				"default_warehouse": "Stores"
			}
		],
		"description": "N/A",
		"image": null,
		"item_code": "Stand",
		"item_group": "Raw Material",
		"item_name": "Stand"
	},
	{
		"item_defaults": [
			{
				"default_supplier": "Eagle Hardware",
				"default_warehouse": "Stores"
			}
		],
		"description": "1 in. x 3 in. x 1 ft. Multipurpose Al Alloy Bar",
		"image": null,
		"item_code": "Bearing Collar",
		"item_group": "Raw Material",
		"item_name": "Bearing Collar"
	},
	{
		"item_defaults": [
			{
				"default_supplier": "Eagle Hardware",
				"default_warehouse": "Stores"
			}
		],
		"description": "1/4 in. x 6 in. x 6 in. Mild Steel Plate",
		"image": null,
		"item_code": "Base Bearing Plate",
		"item_group": "Raw Material",
		"item_name": "Base Bearing Plate"
	},
	{
		"item_defaults": [
			{
				"default_supplier": "HomeBase",
				"default_warehouse": "Stores"
			}
		],
		"description": "15/32 in. x 4 ft. x 8 ft. 3-Ply Rtd Sheathing",
		"image": null,
		"item_code": "External Disc",
		"item_group": "Raw Material",
		"item_name": "External Disc"
	},
	{
		"item_defaults": [
			{
				"default_supplier": "Eagle Hardware",
				"default_warehouse": "Stores"
			}
		],
		"description": "1.25 in. Diameter x 6 ft. Mild Steel Tubing",
		"image": null,
		"item_code": "Shaft",
		"item_group": "Raw Material",
		"item_name": "Shaft"
	},
	{
		"item_defaults": [
			{
				"default_supplier": "Ks Merchandise",
				"default_warehouse": "Stores"
			}
		],
		"description": "1/2 in. x 2 ft. x 4 ft. Pine Plywood",
		"image": null,
		"item_code": "Blade Rib",
		"item_group": "Raw Material",
		"item_name": "Blade Rib"
	},
	{
		"item_defaults": [
			{
				"default_supplier": "HomeBase",
				"default_warehouse": "Stores"
			}
		],
		"description": "For Bearing Collar",
		"image": null,
		"item_code": "Internal Disc",
		"item_group": "Raw Material",
		"item_name": "Internal Disc"
	},
	{
		"item_defaults": [
			{
				"default_supplier": null,
				"default_warehouse": "Finished Goods"
			}
		],
		"description": "Small Wind Turbine for Home Use\n\n\n<!-- html -->\n<p>Size: Small</p>",
		"image": "/assets/erpnext_demo/images/wind-turbine-1.jpg",
		"item_code": "Wind Turbine-S",
		"item_group": "Products",
		"item_name": "Wind Turbine-S",
		"variant_of": "Wind Turbine",
		"valuation_rate": 300,
		"attributes": [
			{
				"attribute": "Size",
				"attribute_value": "Small"
			}
		]
	},
	{
		"item_defaults": [
			{
				"default_supplier": null,
				"default_warehouse": "Finished Goods"
			}
		],
		"description": "Small Wind Turbine for Home Use\n\n\n<!-- html -->\n<p>Size: Medium</p>",
		"image": "/assets/erpnext_demo/images/wind-turbine-1.jpg",
		"item_code": "Wind Turbine-M",
		"item_group": "Products",
		"item_name": "Wind Turbine-M",
		"variant_of": "Wind Turbine",
		"valuation_rate": 300,
		"attributes": [
			{
				"attribute": "Size",
				"attribute_value": "Medium"
			}
		]
	},
	{
		"item_defaults": [
			{
				"default_supplier": null,
				"default_warehouse": "Finished Goods"
			}
		],
		"description": "Small Wind Turbine for Home Use\n\n\n<!-- html -->\n<p>Size: Large</p>",
		"image": "/assets/erpnext_demo/images/wind-turbine-1.jpg",
		"item_code": "Wind Turbine-L",
		"item_group": "Products",
		"item_name": "Wind Turbine-L",
		"variant_of": "Wind Turbine",
		"valuation_rate": 300,
		"attributes": [
			{
				"attribute": "Size",
				"attribute_value": "Large"
			}
		]
	},
	{
		"is_stock_item": 0,
		"description": "Wind Mill A Series with Spare Bearing",
		"item_code": "Wind Mill A Series with Spare Bearing",
		"item_group": "Products",
		"item_name": "Wind Mill A Series with Spare Bearing"
	},
	{
		"item_defaults": [
			{
				"default_supplier": "HomeBase",
				"default_warehouse": "Stores"
			}
		],
		"description": "3/4 in. x 2 ft. x 4 ft. Pine Plywood",
		"image": null,
		"item_code": "Base Plate Un Painted",
		"item_group": "Raw Material",
		"item_name": "Base Plate Un Painted"
	},
	{
		"is_fixed_asset": 1,
		"asset_category": "Furnitures",
		"is_stock_item": 0,
		"description": "Table",
		"item_code": "Table",
		"item_name": "Table",
		"item_group": "Products"
	},
	{
		"is_fixed_asset": 1,
		"asset_category": "Furnitures",
		"is_stock_item": 0,
		"description": "Chair",
		"item_code": "Chair",
		"item_name": "Chair",
		"item_group": "Products"
	},
	{
		"is_fixed_asset": 1,
		"asset_category": "Electronic Equipments",
		"is_stock_item": 0,
		"description": "Computer",
		"item_code": "Computer",
		"item_name": "Computer",
		"item_group": "Products"
	},
	{
		"is_fixed_asset": 1,
		"asset_category": "Electronic Equipments",
		"is_stock_item": 0,
		"description": "Mobile",
		"item_code": "Mobile",
		"item_name": "Mobile",
		"item_group": "Products"
	},
	{
		"is_fixed_asset": 1,
		"asset_category": "Softwares",
		"is_stock_item": 0,
		"description": "ERP",
		"item_code": "ERP",
		"item_name": "ERP",
		"item_group": "All Item Groups"
	},
	{
		"is_fixed_asset": 1,
		"asset_category": "Softwares",
		"is_stock_item": 0,
		"description": "Autocad",
		"item_code": "Autocad",
		"item_name": "Autocad",
		"item_group": "All Item Groups"
	},
	{
		"is_stock_item": 1,
		"has_batch_no": 1,
		"create_new_batch": 1,
		"valuation_rate": 200,
		"item_defaults": [
			{
				"default_warehouse": "Stores"
			}
		],
		"description": "Corrugated Box",
		"item_code": "Corrugated Box",
		"item_name": "Corrugated Box",
		"item_group": "All Item Groups"
	},
	{
		"item_defaults": [
			{
				"default_warehouse": "Finished Goods"
			}
		],
		"is_stock_item": 1,
		"description": "OnePlus 6",
		"item_code": "OnePlus 6",
		"item_name": "OnePlus 6",
		"item_group": "Products",
		"domain": "Retail"
	},
	{
		"item_defaults": [
			{
				"default_warehouse": "Finished Goods"
			}
		],
		"is_stock_item": 1,
		"description": "OnePlus 6T",
		"item_code": "OnePlus 6T",
		"item_name": "OnePlus 6T",
		"item_group": "Products",
		"domain": "Retail"
	},
	{
		"item_defaults": [
			{
				"default_warehouse": "Finished Goods"
			}
		],
		"is_stock_item": 1,
		"description": "Xiaomi Poco F1",
		"item_code": "Xiaomi Poco F1",
		"item_name": "Xiaomi Poco F1",
		"item_group": "Products",
		"domain": "Retail"
	},
	{
		"item_defaults": [
			{
				"default_warehouse": "Finished Goods"
			}
		],
		"is_stock_item": 1,
		"description": "Iphone XS",
		"item_code": "Iphone XS",
		"item_name": "Iphone XS",
		"item_group": "Products",
		"domain": "Retail"
	},
	{
		"item_defaults": [
			{
				"default_warehouse": "Finished Goods"
			}
		],
		"is_stock_item": 1,
		"description": "Samsung Galaxy S9",
		"item_code": "Samsung Galaxy S9",
		"item_name": "Samsung Galaxy S9",
		"item_group": "Products",
		"domain": "Retail"
	},
	{
		"item_defaults": [
			{
				"default_warehouse": "Finished Goods"
			}
		],
		"is_stock_item": 1,
		"description": "Sony Bluetooth Headphone",
		"item_code": "Sony Bluetooth Headphone",
		"item_name": "Sony Bluetooth Headphone",
		"item_group": "Products",
		"domain": "Retail"
	},
	{
		"is_stock_item": 0,
		"description": "Samsung Phone Repair",
		"item_code": "Samsung Phone Repair",
		"item_name": "Samsung Phone Repair",
		"item_group": "Services",
		"domain": "Retail"
	},
	{
		"is_stock_item": 0,
		"description": "OnePlus Phone Repair",
		"item_code": "OnePlus Phone Repair",
		"item_name": "OnePlus Phone Repair",
		"item_group": "Services",
		"domain": "Retail"
	},
	{
		"is_stock_item": 0,
		"description": "Xiaomi Phone Repair",
		"item_code": "Xiaomi Phone Repair",
		"item_name": "Xiaomi Phone Repair",
		"item_group": "Services",
		"domain": "Retail"
	},
	{
		"is_stock_item": 0,
		"description": "Apple Phone Repair",
		"item_code": "Apple Phone Repair",
		"item_name": "Apple Phone Repair",
		"item_group": "Services",
		"domain": "Retail"
	}
]