[
 {
  "company_name": "Zany Brainy", 
  "email_id": "MartLakeman@example.com", 
  "lead_name": "Mart Lakeman"
 }, 
 {
  "company_name": "Patterson-Fletcher", 
  "email_id": "SagaLundqvist@example.com", 
  "lead_name": "Saga Lundqvist"
 }, 
 {
  "company_name": "Griff's Hamburgers", 
  "email_id": "AdnaSjoberg@example.com", 
  "lead_name": "Adna Sj\u00f6berg"
 }, 
 {
  "company_name": "Rhodes Furniture", 
  "email_id": "IdaDSvendsen@example.com", 
  "lead_name": "Ida Svendsen"
 }, 
 {
  "company_name": "Burger Chef", 
  "email_id": "EmppuHameenniemi@example.com", 
  "lead_name": "Emppu H\u00e4meenniemi"
 }, 
 {
  "company_name": "Stratabiz", 
  "email_id": "EugenioPisano@example.com", 
  "lead_name": "Eugenio Pisano"
 }, 
 {
  "company_name": "Home Quarters Warehouse", 
  "email_id": "SemharHagos@example.com", 
  "lead_name": "Semhar Hagos"
 }, 
 {
  "company_name": "Enviro Architectural Designs", 
  "email_id": "BranimiraIvankovic@example.com", 
  "lead_name": "Branimira Ivankovi\u0107"
 }, 
 {
  "company_name": "Ideal Garden Management", 
  "email_id": "ShellyLFields@example.com", 
  "lead_name": "Shelly Fields"
 }, 
 {
  "company_name": "Listen Up", 
  "email_id": "LeoMikulic@example.com", 
  "lead_name": "Leo Mikuli\u0107"
 }, 
 {
  "company_name": "I. Magnin", 
  "email_id": "DenisaJarosova@example.com", 
  "lead_name": "Denisa Jaro\u0161ov\u00e1"
 }, 
 {
  "company_name": "First Rate Choice", 
  "email_id": "JanekRutkowski@example.com", 
  "lead_name": "Janek Rutkowski"
 }, 
 {
  "company_name": "Multi Tech Development", 
  "email_id": "mm@example.com", 
  "lead_name": "\u7f8e\u6708 \u5b87\u85e4"
 }, 
 {
  "company_name": "National Auto Parts", 
  "email_id": "dd@example.com", 
  "lead_name": "\u0414\u0430\u043d\u0438\u0438\u043b \u0410\u0444\u0430\u043d\u0430\u0441\u044c\u0435\u0432"
 }, 
 {
  "company_name": "Integra Investment Plan", 
  "email_id": "ZorislavPetkovic@example.com", 
  "lead_name": "Zorislav Petkovi\u0107"
 }, 
 {
  "company_name": "The Lawn Guru", 
  "email_id": "NanaoNiwa@example.com", 
  "lead_name": "Nanao Niwa"
 }, 
 {
  "company_name": "Buena Vista Realty Service", 
  "email_id": "HreiarJorundsson@example.com", 
  "lead_name": "Hrei\u00f0ar J\u00f6rundsson"
 }, 
 {
  "company_name": "Bountiful Harvest Health Food Store", 
  "email_id": "ChuThiBichLai@example.com", 
  "lead_name": "Lai Chu"
 }, 
 {
  "company_name": "P. Samuels Men's Clothiers", 
  "email_id": "VictorAksakov@example.com", 
  "lead_name": "Victor Aksakov"
 }, 
 {
  "company_name": "Vinyl Fever", 
  "email_id": "SaidalimBisliev@example.com", 
  "lead_name": "Saidalim Bisliev"
 }, 
 {
  "company_name": "Garden Master", 
  "email_id": "TotteJakobsson@example.com", 
  "lead_name": "Totte Jakobsson"
 }, 
 {
  "company_name": "Big Apple", 
  "email_id": "NanaArmasRobles@example.com", 
  "lead_name": "Nan\u00e1 Armas"
 }, 
 {
  "company_name": "Monk House Sales", 
  "email_id": "WalerianDuda@example.com", 
  "lead_name": "Walerian Duda"
 }, 
 {
  "company_name": "ManCharm", 
  "email_id": "Moarimikashi@example.com", 
  "lead_name": "Moarimikashi"
 }, 
 {
  "company_name": "Custom Lawn Care", 
  "email_id": "DobromilDabrowski@example.com", 
  "lead_name": "Dobromi\u0142 D\u0105browski"
 }
]