[
{
"first_name": "amanda",
"last_name": "edwards",
"image": "https://randomuser.me/api/portraits/women/55.jpg",
"gender": "Female"
},
{
"first_name": "abbie",
"last_name": "johnston",
"image": "https://randomuser.me/api/portraits/women/46.jpg",
"gender": "Female"
},
{
"first_name": "heather",
"last_name": "nelson",
"image": "https://randomuser.me/api/portraits/women/13.jpg",
"gender": "Female"
},
{
"first_name": "maxwell",
"last_name": "gilbert",
"image": "https://randomuser.me/api/portraits/men/56.jpg",
"gender": "Male"
},
{
"first_name": "molly",
"last_name": "ramirez",
"image": "https://randomuser.me/api/portraits/women/71.jpg",
"gender": "Female"
},
{
"first_name": "ian",
"last_name": "barrett",
"image": "https://randomuser.me/api/portraits/men/68.jpg",
"gender": "Male"
},
{
"first_name": "kim",
"last_name": "hudson",
"image": "https://randomuser.me/api/portraits/women/53.jpg",
"gender": "Female"
},
{
"first_name": "bruce",
"last_name": "murray",
"image": "https://randomuser.me/api/portraits/men/59.jpg",
"gender": "Male"
},
{
"first_name": "henry",
"last_name": "powell",
"image": "https://randomuser.me/api/portraits/men/88.jpg",
"gender": "Male"
},
{
"first_name": "chris",
"last_name": "foster",
"image": "https://randomuser.me/api/portraits/men/5.jpg",
"gender": "Male"
},
{
"first_name": "billy",
"last_name": "kim",
"image": "https://randomuser.me/api/portraits/men/91.jpg",
"gender": "Male"
},
{
"first_name": "samuel",
"last_name": "harper",
"image": "https://randomuser.me/api/portraits/men/56.jpg",
"gender": "Male"
},
{
"first_name": "jayden",
"last_name": "kelly",
"image": "https://randomuser.me/api/portraits/men/31.jpg",
"gender": "Male"
},
{
"first_name": "grace",
"last_name": "berry",
"image": "https://randomuser.me/api/portraits/women/69.jpg",
"gender": "Female"
},
{
"first_name": "ronnie",
"last_name": "nelson",
"image": "https://randomuser.me/api/portraits/men/83.jpg",
"gender": "Male"
},
{
"first_name": "harvey",
"last_name": "harper",
"image": "https://randomuser.me/api/portraits/men/68.jpg",
"gender": "Male"
},
{
"first_name": "maya",
"last_name": "fernandez",
"image": "https://randomuser.me/api/portraits/women/79.jpg",
"gender": "Female"
},
{
"first_name": "faith",
"last_name": "lewis",
"image": "https://randomuser.me/api/portraits/women/84.jpg",
"gender": "Female"
},
{
"first_name": "kirk",
"last_name": "macrae",
"image": "https://randomuser.me/api/portraits/men/13.jpg",
"gender": "Male"
},
{
"first_name": "tracy",
"last_name": "holt",
"image": "https://randomuser.me/api/portraits/women/18.jpg",
"gender": "Female"
},
{
"first_name": "mandy",
"last_name": "dean",
"image": "https://randomuser.me/api/portraits/women/0.jpg",
"gender": "Female"
},
{
"first_name": "sam",
"last_name": "dunn",
"image": "https://randomuser.me/api/portraits/women/12.jpg",
"gender": "Female"
},
{
"first_name": "zoe",
"last_name": "fleming",
"image": "https://randomuser.me/api/portraits/women/9.jpg",
"gender": "Female"
},
{
"first_name": "jeffrey",
"last_name": "stewart",
"image": "https://randomuser.me/api/portraits/men/56.jpg",
"gender": "Male"
},
{
"first_name": "dick",
"last_name": "ryan",
"image": "https://randomuser.me/api/portraits/men/63.jpg",
"gender": "Male"
},
{
"first_name": "carl",
"last_name": "neal",
"image": "https://randomuser.me/api/portraits/men/41.jpg",
"gender": "Male"
},
{
"first_name": "scarlett",
"last_name": "ruiz",
"image": "https://randomuser.me/api/portraits/women/24.jpg",
"gender": "Female"
},
{
"first_name": "rene",
"last_name": "hughes",
"image": "https://randomuser.me/api/portraits/men/3.jpg",
"gender": "Male"
},
{
"first_name": "greg",
"last_name": "montgomery",
"image": "https://randomuser.me/api/portraits/men/12.jpg",
"gender": "Male"
},
{
"first_name": "matt",
"last_name": "lane",
"image": "https://randomuser.me/api/portraits/men/85.jpg",
"gender": "Male"
},
{
"first_name": "eleanor",
"last_name": "pearson",
"image": "https://randomuser.me/api/portraits/women/61.jpg",
"gender": "Female"
},
{
"first_name": "theodore",
"last_name": "burton",
"image": "https://randomuser.me/api/portraits/men/81.jpg",
"gender": "Male"
},
{
"first_name": "jesus",
"last_name": "hunt",
"image": "https://randomuser.me/api/portraits/men/50.jpg",
"gender": "Male"
},
{
"first_name": "taylor",
"last_name": "alvarez",
"image": "https://randomuser.me/api/portraits/men/0.jpg",
"gender": "Male"
},
{
"first_name": "barbara",
"last_name": "lucas",
"image": "https://randomuser.me/api/portraits/women/21.jpg",
"gender": "Female"
},
{
"first_name": "nicky",
"last_name": "simmons",
"image": "https://randomuser.me/api/portraits/women/29.jpg",
"gender": "Female"
},
{
"first_name": "arthur",
"last_name": "obrien",
"image": "https://randomuser.me/api/portraits/men/11.jpg",
"gender": "Male"
},
{
"first_name": "donna",
"last_name": "holmes",
"image": "https://randomuser.me/api/portraits/women/33.jpg",
"gender": "Female"
},
{
"first_name": "mitchell",
"last_name": "castro",
"image": "https://randomuser.me/api/portraits/men/26.jpg",
"gender": "Male"
},
{
"first_name": "byron",
"last_name": "marshall",
"image": "https://randomuser.me/api/portraits/men/57.jpg",
"gender": "Male"
},
{
"first_name": "larry",
"last_name": "king",
"image": "https://randomuser.me/api/portraits/men/58.jpg",
"gender": "Male"
},
{
"first_name": "deborah",
"last_name": "fuller",
"image": "https://randomuser.me/api/portraits/women/50.jpg",
"gender": "Female"
},
{
"first_name": "eleanor",
"last_name": "elliott",
"image": "https://randomuser.me/api/portraits/women/80.jpg",
"gender": "Female"
},
{
"first_name": "derrick",
"last_name": "shaw",
"image": "https://randomuser.me/api/portraits/men/78.jpg",
"gender": "Male"
},
{
"first_name": "barbara",
"last_name": "lynch",
"image": "https://randomuser.me/api/portraits/women/15.jpg",
"gender": "Female"
},
{
"first_name": "elijah",
"last_name": "allen",
"image": "https://randomuser.me/api/portraits/men/43.jpg",
"gender": "Male"
},
{
"first_name": "nicholas",
"last_name": "harper",
"image": "https://randomuser.me/api/portraits/men/2.jpg",
"gender": "Male"
},
{
"first_name": "sofia",
"last_name": "riley",
"image": "https://randomuser.me/api/portraits/women/96.jpg",
"gender": "Female"
},
{
"first_name": "jar",
"last_name": "hunt",
"image": "https://randomuser.me/api/portraits/men/72.jpg",
"gender": "Male"
},
{
"first_name": "philip",
"last_name": "rose",
"image": "https://randomuser.me/api/portraits/men/16.jpg",
"gender": "Male"
},
{
"first_name": "ella",
"last_name": "moore",
"image": "https://randomuser.me/api/portraits/women/83.jpg",
"gender": "Female"
},
{
"first_name": "seth",
"last_name": "tucker",
"image": "https://randomuser.me/api/portraits/men/6.jpg",
"gender": "Male"
},
{
"first_name": "abby",
"last_name": "gonzalez",
"image": "https://randomuser.me/api/portraits/women/18.jpg",
"gender": "Female"
},
{
"first_name": "noah",
"last_name": "williamson",
"image": "https://randomuser.me/api/portraits/men/54.jpg",
"gender": "Male"
},
{
"first_name": "cathy",
"last_name": "gray",
"image": "https://randomuser.me/api/portraits/women/88.jpg",
"gender": "Female"
},
{
"first_name": "barb",
"last_name": "snyder",
"image": "https://randomuser.me/api/portraits/women/49.jpg",
"gender": "Female"
},
{
"first_name": "rosalyn",
"last_name": "hale",
"image": "https://randomuser.me/api/portraits/women/64.jpg",
"gender": "Female"
},
{
"first_name": "jessica",
"last_name": "armstrong",
"image": "https://randomuser.me/api/portraits/women/95.jpg",
"gender": "Female"
},
{
"first_name": "vicki",
"last_name": "wheeler",
"image": "https://randomuser.me/api/portraits/women/49.jpg",
"gender": "Female"
},
{
"first_name": "luke",
"last_name": "fisher",
"image": "https://randomuser.me/api/portraits/men/77.jpg",
"gender": "Male"
},
{
"first_name": "joey",
"last_name": "wheeler",
"image": "https://randomuser.me/api/portraits/men/50.jpg",
"gender": "Male"
},
{
"first_name": "victoria",
"last_name": "jimenez",
"image": "https://randomuser.me/api/portraits/women/25.jpg",
"gender": "Female"
},
{
"first_name": "daryl",
"last_name": "patterson",
"image": "https://randomuser.me/api/portraits/men/30.jpg",
"gender": "Male"
},
{
"first_name": "dwayne",
"last_name": "jensen",
"image": "https://randomuser.me/api/portraits/men/71.jpg",
"gender": "Male"
},
{
"first_name": "herbert",
"last_name": "silva",
"image": "https://randomuser.me/api/portraits/men/83.jpg",
"gender": "Male"
},
{
"first_name": "walter",
"last_name": "walker",
"image": "https://randomuser.me/api/portraits/men/91.jpg",
"gender": "Male"
},
{
"first_name": "logan",
"last_name": "banks",
"image": "https://randomuser.me/api/portraits/men/67.jpg",
"gender": "Male"
},
{
"first_name": "shawn",
"last_name": "harvey",
"image": "https://randomuser.me/api/portraits/men/87.jpg",
"gender": "Male"
},
{
"first_name": "lawrence",
"last_name": "bradley",
"image": "https://randomuser.me/api/portraits/men/40.jpg",
"gender": "Male"
},
{
"first_name": "jack",
"last_name": "fleming",
"image": "https://randomuser.me/api/portraits/men/37.jpg",
"gender": "Male"
},
{
"first_name": "jackson",
"last_name": "boyd",
"image": "https://randomuser.me/api/portraits/men/68.jpg",
"gender": "Male"
},
{
"first_name": "cecil",
"last_name": "webb",
"image": "https://randomuser.me/api/portraits/men/9.jpg",
"gender": "Male"
},
{
"first_name": "eliza",
"last_name": "mills",
"image": "https://randomuser.me/api/portraits/women/20.jpg",
"gender": "Female"
},
{
"first_name": "jenny",
"last_name": "frazier",
"image": "https://randomuser.me/api/portraits/women/61.jpg",
"gender": "Female"
},
{
"first_name": "kent",
"last_name": "butler",
"image": "https://randomuser.me/api/portraits/men/64.jpg",
"gender": "Male"
},
{
"first_name": "rose",
"last_name": "perry",
"image": "https://randomuser.me/api/portraits/women/74.jpg",
"gender": "Female"
},
{
"first_name": "jack",
"last_name": "king",
"image": "https://randomuser.me/api/portraits/men/60.jpg",
"gender": "Male"
},
{
"first_name": "elmer",
"last_name": "williams",
"image": "https://randomuser.me/api/portraits/men/26.jpg",
"gender": "Male"
},
{
"first_name": "vanessa",
"last_name": "torres",
"image": "https://randomuser.me/api/portraits/women/41.jpg",
"gender": "Female"
},
{
"first_name": "tyrone",
"last_name": "coleman",
"image": "https://randomuser.me/api/portraits/men/59.jpg",
"gender": "Male"
},
{
"first_name": "julie",
"last_name": "bradley",
"image": "https://randomuser.me/api/portraits/women/50.jpg",
"gender": "Female"
},
{
"first_name": "fernando",
"last_name": "castro",
"image": "https://randomuser.me/api/portraits/men/44.jpg",
"gender": "Male"
},
{
"first_name": "sara",
"last_name": "craig",
"image": "https://randomuser.me/api/portraits/women/8.jpg",
"gender": "Female"
},
{
"first_name": "steven",
"last_name": "stone",
"image": "https://randomuser.me/api/portraits/men/47.jpg",
"gender": "Male"
},
{
"first_name": "barb",
"last_name": "rodriquez",
"image": "https://randomuser.me/api/portraits/women/73.jpg",
"gender": "Female"
},
{
"first_name": "charlie",
"last_name": "king",
"image": "https://randomuser.me/api/portraits/men/79.jpg",
"gender": "Male"
},
{
"first_name": "jessica",
"last_name": "davis",
"image": "https://randomuser.me/api/portraits/women/26.jpg",
"gender": "Female"
},
{
"first_name": "lewis",
"last_name": "watson",
"image": "https://randomuser.me/api/portraits/men/56.jpg",
"gender": "Male"
},
{
"first_name": "charlotte",
"last_name": "johnson",
"image": "https://randomuser.me/api/portraits/women/46.jpg",
"gender": "Female"
},
{
"first_name": "danielle",
"last_name": "bell",
"image": "https://randomuser.me/api/portraits/women/54.jpg",
"gender": "Female"
},
{
"first_name": "kristin",
"last_name": "dixon",
"image": "https://randomuser.me/api/portraits/women/23.jpg",
"gender": "Female"
},
{
"first_name": "andrea",
"last_name": "thompson",
"image": "https://randomuser.me/api/portraits/women/54.jpg",
"gender": "Female"
},
{
"first_name": "ashley",
"last_name": "andrews",
"image": "https://randomuser.me/api/portraits/women/46.jpg",
"gender": "Female"
},
{
"first_name": "sharon",
"last_name": "martinez",
"image": "https://randomuser.me/api/portraits/women/6.jpg",
"gender": "Female"
},
{
"first_name": "tristan",
"last_name": "cunningham",
"image": "https://randomuser.me/api/portraits/men/62.jpg",
"gender": "Male"
},
{
"first_name": "carol",
"last_name": "chavez",
"image": "https://randomuser.me/api/portraits/women/85.jpg",
"gender": "Female"
},
{
"first_name": "lauren",
"last_name": "hudson",
"image": "https://randomuser.me/api/portraits/women/88.jpg",
"gender": "Female"
},
{
"first_name": "guy",
"last_name": "robertson",
"image": "https://randomuser.me/api/portraits/men/78.jpg",
"gender": "Male"
},
{
"first_name": "debra",
"last_name": "long",
"image": "https://randomuser.me/api/portraits/women/23.jpg",
"gender": "Female"
},
{
"first_name": "taylor",
"last_name": "carpenter",
"image": "https://randomuser.me/api/portraits/men/0.jpg",
"gender": "Male"
},
{
"first_name": "eetu",
"last_name": "annala",
"image": "https://randomuser.me/api/portraits/men/31.jpg",
"gender": "Male"
},
{
"first_name": "oliver",
"last_name": "moilanen",
"image": "https://randomuser.me/api/portraits/men/14.jpg",
"gender": "Male"
},
{
"first_name": "leo",
"last_name": "maunu",
"image": "https://randomuser.me/api/portraits/men/72.jpg",
"gender": "Male"
},
{
"first_name": "iiris",
"last_name": "kalas",
"image": "https://randomuser.me/api/portraits/women/49.jpg",
"gender": "Female"
},
{
"first_name": "aada",
"last_name": "kinnunen",
"image": "https://randomuser.me/api/portraits/women/64.jpg",
"gender": "Female"
},
{
"first_name": "topias",
"last_name": "walli",
"image": "https://randomuser.me/api/portraits/men/58.jpg",
"gender": "Male"
},
{
"first_name": "viivi",
"last_name": "toivonen",
"image": "https://randomuser.me/api/portraits/women/16.jpg",
"gender": "Female"
},
{
"first_name": "iina",
"last_name": "makinen",
"image": "https://randomuser.me/api/portraits/women/44.jpg",
"gender": "Female"
},
{
"first_name": "lumi",
"last_name": "tuominen",
"image": "https://randomuser.me/api/portraits/women/11.jpg",
"gender": "Female"
},
{
"first_name": "ellen",
"last_name": "koski",
"image": "https://randomuser.me/api/portraits/women/22.jpg",
"gender": "Female"
},
{
"first_name": "onni",
"last_name": "laurila",
"image": "https://randomuser.me/api/portraits/men/74.jpg",
"gender": "Male"
},
{
"first_name": "eevi",
"last_name": "niskanen",
"image": "https://randomuser.me/api/portraits/women/72.jpg",
"gender": "Female"
},
{
"first_name": "julius",
"last_name": "maijala",
"image": "https://randomuser.me/api/portraits/men/8.jpg",
"gender": "Male"
},
{
"first_name": "sofia",
"last_name": "tuomi",
"image": "https://randomuser.me/api/portraits/women/1.jpg",
"gender": "Female"
},
{
"first_name": "oliver",
"last_name": "jarvela",
"image": "https://randomuser.me/api/portraits/men/60.jpg",
"gender": "Male"
},
{
"first_name": "luukas",
"last_name": "mikkola",
"image": "https://randomuser.me/api/portraits/men/90.jpg",
"gender": "Male"
},
{
"first_name": "amanda",
"last_name": "anttila",
"image": "https://randomuser.me/api/portraits/women/65.jpg",
"gender": "Female"
},
{
"first_name": "ella",
"last_name": "sakala",
"image": "https://randomuser.me/api/portraits/women/79.jpg",
"gender": "Female"
},
{
"first_name": "siiri",
"last_name": "kinnunen",
"image": "https://randomuser.me/api/portraits/women/37.jpg",
"gender": "Female"
},
{
"first_name": "joona",
"last_name": "korhonen",
"image": "https://randomuser.me/api/portraits/men/87.jpg",
"gender": "Male"
},
{
"first_name": "topias",
"last_name": "korpi",
"image": "https://randomuser.me/api/portraits/men/75.jpg",
"gender": "Male"
},
{
"first_name": "mikael",
"last_name": "remes",
"image": "https://randomuser.me/api/portraits/men/89.jpg",
"gender": "Male"
},
{
"first_name": "veera",
"last_name": "peltola",
"image": "https://randomuser.me/api/portraits/women/69.jpg",
"gender": "Female"
},
{
"first_name": "emil",
"last_name": "makela",
"image": "https://randomuser.me/api/portraits/men/98.jpg",
"gender": "Male"
},
{
"first_name": "luukas",
"last_name": "kujala",
"image": "https://randomuser.me/api/portraits/men/83.jpg",
"gender": "Male"
},
{
"first_name": "eemil",
"last_name": "honkala",
"image": "https://randomuser.me/api/portraits/men/85.jpg",
"gender": "Male"
},
{
"first_name": "peetu",
"last_name": "kalm",
"image": "https://randomuser.me/api/portraits/men/17.jpg",
"gender": "Male"
},
{
"first_name": "eemeli",
"last_name": "lehtonen",
"image": "https://randomuser.me/api/portraits/men/55.jpg",
"gender": "Male"
},
{
"first_name": "viivi",
"last_name": "koistinen",
"image": "https://randomuser.me/api/portraits/women/53.jpg",
"gender": "Female"
},
{
"first_name": "elli",
"last_name": "savela",
"image": "https://randomuser.me/api/portraits/women/77.jpg",
"gender": "Female"
},
{
"first_name": "venla",
"last_name": "walli",
"image": "https://randomuser.me/api/portraits/women/52.jpg",
"gender": "Female"
},
{
"first_name": "amanda",
"last_name": "wuollet",
"image": "https://randomuser.me/api/portraits/women/11.jpg",
"gender": "Female"
},
{
"first_name": "valtteri",
"last_name": "hokkanen",
"image": "https://randomuser.me/api/portraits/men/30.jpg",
"gender": "Male"
},
{
"first_name": "veera",
"last_name": "maki",
"image": "https://randomuser.me/api/portraits/women/34.jpg",
"gender": "Female"
},
{
"first_name": "kerttu",
"last_name": "maunu",
"image": "https://randomuser.me/api/portraits/women/1.jpg",
"gender": "Female"
},
{
"first_name": "nella",
"last_name": "hanka",
"image": "https://randomuser.me/api/portraits/women/70.jpg",
"gender": "Female"
},
{
"first_name": "iiris",
"last_name": "hakala",
"image": "https://randomuser.me/api/portraits/women/33.jpg",
"gender": "Female"
},
{
"first_name": "viivi",
"last_name": "ojala",
"image": "https://randomuser.me/api/portraits/women/69.jpg",
"gender": "Female"
},
{
"first_name": "iina",
"last_name": "peura",
"image": "https://randomuser.me/api/portraits/women/22.jpg",
"gender": "Female"
},
{
"first_name": "samuel",
"last_name": "mattila",
"image": "https://randomuser.me/api/portraits/men/88.jpg",
"gender": "Male"
},
{
"first_name": "julius",
"last_name": "kumpula",
"image": "https://randomuser.me/api/portraits/men/26.jpg",
"gender": "Male"
},
{
"first_name": "nooa",
"last_name": "haapala",
"image": "https://randomuser.me/api/portraits/men/77.jpg",
"gender": "Male"
},
{
"first_name": "elias",
"last_name": "leppo",
"image": "https://randomuser.me/api/portraits/men/50.jpg",
"gender": "Male"
},
{
"first_name": "niklas",
"last_name": "elo",
"image": "https://randomuser.me/api/portraits/men/64.jpg",
"gender": "Male"
},
{
"first_name": "olivia",
"last_name": "nurmi",
"image": "https://randomuser.me/api/portraits/women/82.jpg",
"gender": "Female"
},
{
"first_name": "milja",
"last_name": "lassila",
"image": "https://randomuser.me/api/portraits/women/47.jpg",
"gender": "Female"
},
{
"first_name": "daniel",
"last_name": "kalas",
"image": "https://randomuser.me/api/portraits/men/53.jpg",
"gender": "Male"
},
{
"first_name": "enni",
"last_name": "ramo",
"image": "https://randomuser.me/api/portraits/women/18.jpg",
"gender": "Female"
},
{
"first_name": "matilda",
"last_name": "salmi",
"image": "https://randomuser.me/api/portraits/women/84.jpg",
"gender": "Female"
},
{
"first_name": "valtteri",
"last_name": "wirta",
"image": "https://randomuser.me/api/portraits/men/26.jpg",
"gender": "Male"
},
{
"first_name": "julius",
"last_name": "maijala",
"image": "https://randomuser.me/api/portraits/men/39.jpg",
"gender": "Male"
},
{
"first_name": "kerttu",
"last_name": "peltola",
"image": "https://randomuser.me/api/portraits/women/39.jpg",
"gender": "Female"
},
{
"first_name": "aada",
"last_name": "kokko",
"image": "https://randomuser.me/api/portraits/women/26.jpg",
"gender": "Female"
},
{
"first_name": "elsa",
"last_name": "niska",
"image": "https://randomuser.me/api/portraits/women/26.jpg",
"gender": "Female"
},
{
"first_name": "ella",
"last_name": "kalm",
"image": "https://randomuser.me/api/portraits/women/61.jpg",
"gender": "Female"
},
{
"first_name": "lilja",
"last_name": "heinonen",
"image": "https://randomuser.me/api/portraits/women/65.jpg",
"gender": "Female"
},
{
"first_name": "akseli",
"last_name": "laakso",
"image": "https://randomuser.me/api/portraits/men/64.jpg",
"gender": "Male"
},
{
"first_name": "lotta",
"last_name": "saarela",
"image": "https://randomuser.me/api/portraits/women/69.jpg",
"gender": "Female"
},
{
"first_name": "leo",
"last_name": "polon",
"image": "https://randomuser.me/api/portraits/men/5.jpg",
"gender": "Male"
},
{
"first_name": "aleksi",
"last_name": "wuollet",
"image": "https://randomuser.me/api/portraits/men/87.jpg",
"gender": "Male"
},
{
"first_name": "eemil",
"last_name": "kalas",
"image": "https://randomuser.me/api/portraits/men/6.jpg",
"gender": "Male"
},
{
"first_name": "emmi",
"last_name": "koistinen",
"image": "https://randomuser.me/api/portraits/women/66.jpg",
"gender": "Female"
},
{
"first_name": "väinö",
"last_name": "halla",
"image": "https://randomuser.me/api/portraits/men/65.jpg",
"gender": "Male"
},
{
"first_name": "eemil",
"last_name": "heikkila",
"image": "https://randomuser.me/api/portraits/men/18.jpg",
"gender": "Male"
},
{
"first_name": "amanda",
"last_name": "lakso",
"image": "https://randomuser.me/api/portraits/women/29.jpg",
"gender": "Female"
},
{
"first_name": "vilho",
"last_name": "kivela",
"image": "https://randomuser.me/api/portraits/men/19.jpg",
"gender": "Male"
},
{
"first_name": "peppi",
"last_name": "lehtinen",
"image": "https://randomuser.me/api/portraits/women/80.jpg",
"gender": "Female"
},
{
"first_name": "onni",
"last_name": "lehtinen",
"image": "https://randomuser.me/api/portraits/men/0.jpg",
"gender": "Male"
},
{
"first_name": "onni",
"last_name": "ahonen",
"image": "https://randomuser.me/api/portraits/men/49.jpg",
"gender": "Male"
},
{
"first_name": "venla",
"last_name": "ranta",
"image": "https://randomuser.me/api/portraits/women/0.jpg",
"gender": "Female"
},
{
"first_name": "ronja",
"last_name": "korhonen",
"image": "https://randomuser.me/api/portraits/women/69.jpg",
"gender": "Female"
},
{
"first_name": "emmi",
"last_name": "niva",
"image": "https://randomuser.me/api/portraits/women/65.jpg",
"gender": "Female"
},
{
"first_name": "oskari",
"last_name": "leppanen",
"image": "https://randomuser.me/api/portraits/men/43.jpg",
"gender": "Male"
},
{
"first_name": "arttu",
"last_name": "heinonen",
"image": "https://randomuser.me/api/portraits/men/94.jpg",
"gender": "Male"
},
{
"first_name": "toivo",
"last_name": "makela",
"image": "https://randomuser.me/api/portraits/men/23.jpg",
"gender": "Male"
},
{
"first_name": "otto",
"last_name": "leino",
"image": "https://randomuser.me/api/portraits/men/51.jpg",
"gender": "Male"
},
{
"first_name": "milla",
"last_name": "kokko",
"image": "https://randomuser.me/api/portraits/women/66.jpg",
"gender": "Female"
},
{
"first_name": "konsta",
"last_name": "lehto",
"image": "https://randomuser.me/api/portraits/men/29.jpg",
"gender": "Male"
},
{
"first_name": "eeli",
"last_name": "heikkinen",
"image": "https://randomuser.me/api/portraits/men/50.jpg",
"gender": "Male"
},
{
"first_name": "matilda",
"last_name": "tanner",
"image": "https://randomuser.me/api/portraits/women/2.jpg",
"gender": "Female"
},
{
"first_name": "elias",
"last_name": "kivisto",
"image": "https://randomuser.me/api/portraits/men/40.jpg",
"gender": "Male"
},
{
"first_name": "akseli",
"last_name": "wirta",
"image": "https://randomuser.me/api/portraits/men/90.jpg",
"gender": "Male"
},
{
"first_name": "leevi",
"last_name": "kallio",
"image": "https://randomuser.me/api/portraits/men/89.jpg",
"gender": "Male"
},
{
"first_name": "emilia",
"last_name": "pelto",
"image": "https://randomuser.me/api/portraits/women/0.jpg",
"gender": "Female"
},
{
"first_name": "niilo",
"last_name": "keranen",
"image": "https://randomuser.me/api/portraits/men/29.jpg",
"gender": "Male"
},
{
"first_name": "mikael",
"last_name": "wainio",
"image": "https://randomuser.me/api/portraits/men/85.jpg",
"gender": "Male"
},
{
"first_name": "elias",
"last_name": "saksa",
"image": "https://randomuser.me/api/portraits/men/53.jpg",
"gender": "Male"
},
{
"first_name": "aatu",
"last_name": "erkkila",
"image": "https://randomuser.me/api/portraits/men/6.jpg",
"gender": "Male"
},
{
"first_name": "arttu",
"last_name": "jarvela",
"image": "https://randomuser.me/api/portraits/men/49.jpg",
"gender": "Male"
},
{
"first_name": "matilda",
"last_name": "lassila",
"image": "https://randomuser.me/api/portraits/women/46.jpg",
"gender": "Female"
},
{
"first_name": "alisa",
"last_name": "waara",
"image": "https://randomuser.me/api/portraits/women/67.jpg",
"gender": "Female"
},
{
"first_name": "emilia",
"last_name": "saksa",
"image": "https://randomuser.me/api/portraits/women/66.jpg",
"gender": "Female"
},
{
"first_name": "valtteri",
"last_name": "tikkanen",
"image": "https://randomuser.me/api/portraits/men/88.jpg",
"gender": "Male"
},
{
"first_name": "konsta",
"last_name": "rantala",
"image": "https://randomuser.me/api/portraits/men/50.jpg",
"gender": "Male"
},
{
"first_name": "minttu",
"last_name": "murto",
"image": "https://randomuser.me/api/portraits/women/14.jpg",
"gender": "Female"
},
{
"first_name": "vilma",
"last_name": "hatala",
"image": "https://randomuser.me/api/portraits/women/60.jpg",
"gender": "Female"
},
{
"first_name": "anni",
"last_name": "linna",
"image": "https://randomuser.me/api/portraits/women/59.jpg",
"gender": "Female"
},
{
"first_name": "niklas",
"last_name": "hautala",
"image": "https://randomuser.me/api/portraits/men/7.jpg",
"gender": "Male"
},
{
"first_name": "niilo",
"last_name": "lehtinen",
"image": "https://randomuser.me/api/portraits/men/54.jpg",
"gender": "Male"
},
{
"first_name": "oona",
"last_name": "saarinen",
"image": "https://randomuser.me/api/portraits/women/71.jpg",
"gender": "Female"
},
{
"first_name": "constance",
"last_name": "marie",
"image": "https://randomuser.me/api/portraits/women/40.jpg",
"gender": "Female"
},
{
"first_name": "charles",
"last_name": "pierre",
"image": "https://randomuser.me/api/portraits/men/96.jpg",
"gender": "Male"
},
{
"first_name": "bérénice",
"last_name": "leclerc",
"image": "https://randomuser.me/api/portraits/women/39.jpg",
"gender": "Female"
},
{
"first_name": "clémence",
"last_name": "arnaud",
"image": "https://randomuser.me/api/portraits/women/48.jpg",
"gender": "Female"
},
{
"first_name": "melvin",
"last_name": "lemoine",
"image": "https://randomuser.me/api/portraits/men/47.jpg",
"gender": "Male"
},
{
"first_name": "marceau",
"last_name": "joly",
"image": "https://randomuser.me/api/portraits/men/56.jpg",
"gender": "Male"
},
{
"first_name": "garance",
"last_name": "mathieu",
"image": "https://randomuser.me/api/portraits/women/87.jpg",
"gender": "Female"
},
{
"first_name": "angèle",
"last_name": "perrin",
"image": "https://randomuser.me/api/portraits/women/88.jpg",
"gender": "Female"
},
{
"first_name": "pauline",
"last_name": "simon",
"image": "https://randomuser.me/api/portraits/women/82.jpg",
"gender": "Female"
},
{
"first_name": "apolline",
"last_name": "laurent",
"image": "https://randomuser.me/api/portraits/women/27.jpg",
"gender": "Female"
},
{
"first_name": "luca",
"last_name": "lefevre",
"image": "https://randomuser.me/api/portraits/men/40.jpg",
"gender": "Male"
},
{
"first_name": "bastien",
"last_name": "roger",
"image": "https://randomuser.me/api/portraits/men/73.jpg",
"gender": "Male"
},
{
"first_name": "marie",
"last_name": "rodriguez",
"image": "https://randomuser.me/api/portraits/women/18.jpg",
"gender": "Female"
},
{
"first_name": "tristan",
"last_name": "renaud",
"image": "https://randomuser.me/api/portraits/men/41.jpg",
"gender": "Male"
},
{
"first_name": "eva",
"last_name": "philippe",
"image": "https://randomuser.me/api/portraits/women/26.jpg",
"gender": "Female"
},
{
"first_name": "coline",
"last_name": "dufour",
"image": "https://randomuser.me/api/portraits/women/64.jpg",
"gender": "Female"
},
{
"first_name": "marilou",
"last_name": "adam",
"image": "https://randomuser.me/api/portraits/women/53.jpg",
"gender": "Female"
},
{
"first_name": "lia",
"last_name": "renard",
"image": "https://randomuser.me/api/portraits/women/88.jpg",
"gender": "Female"
},
{
"first_name": "timothee",
"last_name": "rolland",
"image": "https://randomuser.me/api/portraits/men/75.jpg",
"gender": "Male"
},
{
"first_name": "hélèna",
"last_name": "boyer",
"image": "https://randomuser.me/api/portraits/women/8.jpg",
"gender": "Female"
},
{
"first_name": "mélody",
"last_name": "andre",
"image": "https://randomuser.me/api/portraits/women/75.jpg",
"gender": "Female"
},
{
"first_name": "jeanne",
"last_name": "duval",
"image": "https://randomuser.me/api/portraits/women/44.jpg",
"gender": "Female"
},
{
"first_name": "elias",
"last_name": "dupont",
"image": "https://randomuser.me/api/portraits/men/60.jpg",
"gender": "Male"
},
{
"first_name": "estelle",
"last_name": "bernard",
"image": "https://randomuser.me/api/portraits/women/23.jpg",
"gender": "Female"
},
{
"first_name": "roxane",
"last_name": "garnier",
"image": "https://randomuser.me/api/portraits/women/14.jpg",
"gender": "Female"
},
{
"first_name": "maëva",
"last_name": "guerin",
"image": "https://randomuser.me/api/portraits/women/44.jpg",
"gender": "Female"
},
{
"first_name": "liam",
"last_name": "carpentier",
"image": "https://randomuser.me/api/portraits/men/41.jpg",
"gender": "Male"
},
{
"first_name": "théo",
"last_name": "gaillard",
"image": "https://randomuser.me/api/portraits/men/40.jpg",
"gender": "Male"
},
{
"first_name": "angelina",
"last_name": "clement",
"image": "https://randomuser.me/api/portraits/women/53.jpg",
"gender": "Female"
},
{
"first_name": "emma",
"last_name": "bertrand",
"image": "https://randomuser.me/api/portraits/women/86.jpg",
"gender": "Female"
},
{
"first_name": "charles",
"last_name": "rolland",
"image": "https://randomuser.me/api/portraits/men/14.jpg",
"gender": "Male"
},
{
"first_name": "nolan",
"last_name": "gautier",
"image": "https://randomuser.me/api/portraits/men/6.jpg",
"gender": "Male"
},
{
"first_name": "agathe",
"last_name": "menard",
"image": "https://randomuser.me/api/portraits/women/69.jpg",
"gender": "Female"
},
{
"first_name": "gaëtan",
"last_name": "leclerc",
"image": "https://randomuser.me/api/portraits/men/60.jpg",
"gender": "Male"
},
{
"first_name": "clarisse",
"last_name": "lemaire",
"image": "https://randomuser.me/api/portraits/women/21.jpg",
"gender": "Female"
},
{
"first_name": "samuel",
"last_name": "garnier",
"image": "https://randomuser.me/api/portraits/men/16.jpg",
"gender": "Male"
},
{
"first_name": "eden",
"last_name": "fontai",
"image": "https://randomuser.me/api/portraits/women/17.jpg",
"gender": "Female"
},
{
"first_name": "maëva",
"last_name": "pierre",
"image": "https://randomuser.me/api/portraits/women/19.jpg",
"gender": "Female"
},
{
"first_name": "thomas",
"last_name": "barbier",
"image": "https://randomuser.me/api/portraits/men/31.jpg",
"gender": "Male"
},
{
"first_name": "lily",
"last_name": "lefebvre",
"image": "https://randomuser.me/api/portraits/women/76.jpg",
"gender": "Female"
},
{
"first_name": "lise",
"last_name": "perez",
"image": "https://randomuser.me/api/portraits/women/74.jpg",
"gender": "Female"
},
{
"first_name": "mila",
"last_name": "moulin",
"image": "https://randomuser.me/api/portraits/women/43.jpg",
"gender": "Female"
},
{
"first_name": "dylan",
"last_name": "picard",
"image": "https://randomuser.me/api/portraits/men/37.jpg",
"gender": "Male"
},
{
"first_name": "amandine",
"last_name": "rodriguez",
"image": "https://randomuser.me/api/portraits/women/65.jpg",
"gender": "Female"
},
{
"first_name": "diego",
"last_name": "girard",
"image": "https://randomuser.me/api/portraits/men/84.jpg",
"gender": "Male"
},
{
"first_name": "elouan",
"last_name": "garnier",
"image": "https://randomuser.me/api/portraits/men/94.jpg",
"gender": "Male"
},
{
"first_name": "apolline",
"last_name": "fleury",
"image": "https://randomuser.me/api/portraits/women/65.jpg",
"gender": "Female"
},
{
"first_name": "coline",
"last_name": "menard",
"image": "https://randomuser.me/api/portraits/women/83.jpg",
"gender": "Female"
},
{
"first_name": "maëly",
"last_name": "le gall",
"image": "https://randomuser.me/api/portraits/women/60.jpg",
"gender": "Female"
},
{
"first_name": "justin",
"last_name": "robert",
"image": "https://randomuser.me/api/portraits/men/20.jpg",
"gender": "Male"
},
{
"first_name": "ryan",
"last_name": "faure",
"image": "https://randomuser.me/api/portraits/men/16.jpg",
"gender": "Male"
},
{
"first_name": "ninon",
"last_name": "brunet",
"image": "https://randomuser.me/api/portraits/women/68.jpg",
"gender": "Female"
},
{
"first_name": "tessa",
"last_name": "garnier",
"image": "https://randomuser.me/api/portraits/women/54.jpg",
"gender": "Female"
},
{
"first_name": "ryan",
"last_name": "bonnet",
"image": "https://randomuser.me/api/portraits/men/28.jpg",
"gender": "Male"
},
{
"first_name": "aurélien",
"last_name": "andre",
"image": "https://randomuser.me/api/portraits/men/29.jpg",
"gender": "Male"
},
{
"first_name": "clément",
"last_name": "dumas",
"image": "https://randomuser.me/api/portraits/men/10.jpg",
"gender": "Male"
},
{
"first_name": "alexis",
"last_name": "fournier",
"image": "https://randomuser.me/api/portraits/men/83.jpg",
"gender": "Male"
},
{
"first_name": "valentin",
"last_name": "lecomte",
"image": "https://randomuser.me/api/portraits/men/44.jpg",
"gender": "Male"
},
{
"first_name": "florian",
"last_name": "olivier",
"image": "https://randomuser.me/api/portraits/men/36.jpg",
"gender": "Male"
},
{
"first_name": "ewen",
"last_name": "lefebvre",
"image": "https://randomuser.me/api/portraits/men/32.jpg",
"gender": "Male"
},
{
"first_name": "titouan",
"last_name": "charles",
"image": "https://randomuser.me/api/portraits/men/59.jpg",
"gender": "Male"
},
{
"first_name": "lila",
"last_name": "aubert",
"image": "https://randomuser.me/api/portraits/women/6.jpg",
"gender": "Female"
},
{
"first_name": "charline",
"last_name": "caron",
"image": "https://randomuser.me/api/portraits/women/49.jpg",
"gender": "Female"
},
{
"first_name": "soren",
"last_name": "le gall",
"image": "https://randomuser.me/api/portraits/men/77.jpg",
"gender": "Male"
},
{
"first_name": "fanny",
"last_name": "louis",
"image": "https://randomuser.me/api/portraits/women/90.jpg",
"gender": "Female"
},
{
"first_name": "julie",
"last_name": "adam",
"image": "https://randomuser.me/api/portraits/women/34.jpg",
"gender": "Female"
},
{
"first_name": "louka",
"last_name": "boyer",
"image": "https://randomuser.me/api/portraits/men/98.jpg",
"gender": "Male"
}
]
