[
 {
  "email": "test_demo@erpnext.com",
  "first_name": "Test",
  "last_name": "User"
 },
 {
  "email": "DianaPrince@example.com",
  "first_name": "Diana",
  "last_name": "Prince"
 },
 {
  "email": "ZatannaZatara@example.com",
  "first_name": "Zatanna",
  "last_name": "Zatara"
 },
 {
  "email": "HollyGranger@example.com",
  "first_name": "Holly",
  "last_name": "Granger"
 },
 {
  "email": "NeptuniaAquaria@example.com",
  "first_name": "Neptunia",
  "last_name": "Aquaria"
 },
 {
  "email": "ArthurCurry@example.com",
  "first_name": "Arthur",
  "last_name": "Curry"
 },
 {
  "email": "ThaliaAlGhul@example.com",
  "first_name": "Thalia",
  "last_name": "Al Ghul"
 },
 {
  "email": "MaxwellLord@example.com",
  "first_name": "Maxwell",
  "last_name": "Lord"
 },
 {
  "email": "GraceChoi@example.com",
  "first_name": "Grace",
  "last_name": "Choi"
 },
 {
  "email": "VandalSavage@example.com",
  "first_name": "Vandal",
  "last_name": "Savage"
 },
 {
  "email": "CaitlinSnow@example.com",
  "first_name": "Caitlin",
  "last_name": "Snow"
 },
 {
  "email": "RipHunter@example.com",
  "first_name": "Rip",
  "last_name": "Hunter"
 },
 {
  "email": "NicholasFury@example.com",
  "first_name": "Nicholas",
  "last_name": "Fury"
 },
 {
  "email": "PeterParker@example.com",
  "first_name": "Peter",
  "last_name": "Parker"
 },
 {
  "email": "JohnConstantine@example.com",
  "first_name": "John",
  "last_name": "Constantine"
 },
 {
  "email": "HalJordan@example.com",
  "first_name": "Hal",
  "last_name": "Jordan"
 },
 {
  "email": "VictorStone@example.com",
  "first_name": "Victor",
  "last_name": "Stone"
 },
 {
  "email": "BruceWayne@example.com",
  "first_name": "Bruce",
  "last_name": "Wayne"
 },
 {
  "email": "ClarkKent@example.com",
  "first_name": "Clark",
  "last_name": "Kent"
 },
 {
  "email": "BarryAllen@example.com",
  "first_name": "Barry",
  "last_name": "Allen"
 },
 {
  "email": "KaraZorEl@example.com",
  "first_name": "Kara",
  "last_name": "Zor El"
 },
 {
  "email": "demo@erpnext.com",
  "first_name": "Demo",
  "last_name": "User"
 }
]